productsView_link__xrJmL href,z-[-1] src,productsView_totalSkusListView__yiKBR,group-hover,productsView_itemNumber__E_AK5,productsView_priceRange__tnOfl,productsView_savingStory__2gAxy,sr-only,w-4 href,text-xs,sr-only 2,productsView_description__lNG3J,calculateLength__toggle,productsView_options_button__J_wzf,productsView_options_button__J_wzf href,lazyload src,productsView_newFlag__d_fcs,svg')],AddToCartButton_add_to_cart_button__qGnJz
https://www.dickblick.com/products/blick-white-sulphite-drawing-paper/,https://images.ctfassets.net/f1fikihmjtrp/1wXEKuW2TCn3OD2w9hYfx5/e9e8e08799b0bb5783e6b7fcec0c356f/10209-group-4ww.jpg?q=80&w=190&h=190,+ 20 Options,Blick White Sulphite Drawing Paper,Item #: 10209,$3.97 - $215.89,SAVE up to 44% off List!,4.7 out of 5 stars,[object Object],-570,number of reviews,"Our premium brand of student art papers was produced to meet the needs of the art teacher. It has a medium surface suitable for all pencil, charcoal, ...",#NAME?,Choose Options,https://www.dickblick.com/products/blick-white-sulphite-drawing-paper/,,,,
https://www.dickblick.com/products/canson-xl-mix-media-pads/,https://images.ctfassets.net/f1fikihmjtrp/1o6heC1HJk6oNejWY8UI6o/da12590e33e9ef8b67b9fc88e5061f8b/12468-1009-M-4ww.jpg?q=80&w=190&h=190,+ 6 Options,Canson XL Mixed Media Wirebound Pads,Item #: 12468,$9.94 - $29.79,SAVE 11-38% off List!,4.8 out of 5 stars,[object Object],-431,number of reviews,"Designed to appeal to students, Canson XL papers are developed in consultation with art professors who use Canson's professional artist papers as a be...",#NAME?,Choose Options,https://www.dickblick.com/products/canson-xl-mix-media-pads/,,,,
https://www.dickblick.com/products/strathmore-300-series-bristol-board-pads/,https://images.ctfassets.net/f1fikihmjtrp/6RcZSUtTkit0RcIPInXc4T/e2167e40d62f0b4464a0ba0978e5df78/13307-1005-4ww.jpg?q=80&w=190&h=190,+ 11 Options,Strathmore 300 Series Bristol Board Pads,Item #: 13307,$3.42 - $39.05,SAVE up to 45% off List!,4.8 out of 5 stars,[object Object],-463,number of reviews,"Strathmore 300 Series Bristol Board Pads contain high-quality, heavyweight Bristol paper suitable for final artwork. Available in Smooth and Vellum su...",#NAME?,Choose Options,https://www.dickblick.com/products/strathmore-300-series-bristol-board-pads/,,,,
https://www.dickblick.com/products/canson-mi-tientes-art-paper-sheets/,https://images.ctfassets.net/f1fikihmjtrp/1TqeMUNPvaZ47pW3kXOSP/76749a57586a91035069b8466af08c20/10710-group-1-4ww.jpg?q=80&w=190&h=190,100+ Options,Canson Mi-Teintes Art Paper Sheets and Packs,Item #: 10710,$0.80 - $35.06,SAVE 20-39% off List!,4.7 out of 5 stars,[object Object],-545,number of reviews,"This classic French paper has a honeycomb surface on one side, and a fine grain and surface on the reverse, both equally suitable for pastel, oil past...",#NAME?,Choose Options,https://www.dickblick.com/products/canson-mi-tientes-art-paper-sheets/,,,,
https://www.dickblick.com/products/legion-stonehenge-paper/,https://images.ctfassets.net/f1fikihmjtrp/2C9hOZxOP0QkTAor5PBCDo/3cd6f3ba1b0e02f2a082b742e34dad05/10423-group-4-4ww.jpg?q=80&w=190&h=190,+ 21 Options,Legion Stonehenge Paper,Item #: 10423,$4.68 - $237.63,SAVE 26-53% off List!,4.8 out of 5 stars,[object Object],-461,number of reviews,"Stonehenge is a traditional fine art paper with a smooth, flawless surface that's slightly mottled to resemble actual vellum. Use it for watercolor, p...",#NAME?,Choose Options,https://www.dickblick.com/products/legion-stonehenge-paper/,,,,
https://www.dickblick.com/products/strathmore-400-series-drawing-paper-pads/,https://images.ctfassets.net/f1fikihmjtrp/2P7BWKss5DWHSGT9fBfcxX/6530fdc5c06e21d378d27193fefcb927/10316-group-4ww.jpg?q=80&w=190&h=190,+ 8 Options,Strathmore 400 Series Drawing Paper Pads,Item #: 10316,$3.08 - $20.00,SAVE 22-40% off List!,4.8 out of 5 stars,[object Object],-262,number of reviews,Strathmore 400 is one of the most versatile sheets Strathmore offers. This off-white drawing paper has a uniform surface and is ideal for sketching an...,#NAME?,Choose Options,https://www.dickblick.com/products/strathmore-400-series-drawing-paper-pads/,,,,
https://www.dickblick.com/products/bfk-rives-printmaking-papers/,https://images.ctfassets.net/f1fikihmjtrp/6ilLkRy7EHA4SPjQtrWE4D/5f2dcd206567f2950a14eb83d269a221/10419-group-1-4ww.jpg?q=80&w=190&h=190,+ 10 Options,Rives BFK Printmaking Papers,Item #: 10419,$6.05 - $12.61,SAVE 28-50% off List!,4.9 out of 5 stars,[object Object],-297,number of reviews,"Made of 100% cotton, Rives BFK Printmaking Papers are mouldmade in France and have a smooth, absorbent surface. The sheets are acid-free, soft-sized, ...",#NAME?,Choose Options,https://www.dickblick.com/products/bfk-rives-printmaking-papers/,,,,
https://www.dickblick.com/products/talens-art-creations-sketchbooks/,https://images.ctfassets.net/f1fikihmjtrp/3BSBEaY0XEycjhy8QxMMUb/e30b864ff47131b3b3a82450f67c4191/13880-Group-2-4ww.jpg?q=80&w=190&h=190,50+ Options,Talens Art Creations Sketchbooks,Item #: 13880,$8.25 - $20.14,SAVE up to 18% off List!,4.7 out of 5 stars,[object Object],-129,number of reviews,"Talens Art Creation Sketchbooks make a reliable companion for artists on the move. Each sketchbook contains 80 sheets of acid-free, 90 lb (140 gsm) pa...",#NAME?,Choose Options,https://www.dickblick.com/products/talens-art-creations-sketchbooks/,,,,
https://www.dickblick.com/products/blick-studio-drawing-pads/,https://images.ctfassets.net/f1fikihmjtrp/5iO5RyuK16BFIyLFwEQUQG/627616283130ffca3ada8ce3cdc37787/10314-1052-2-4ww.jpg?q=80&w=190&h=190,+ 11 Options,Blick Studio Drawing Pads,Item #: 10314,$8.46 - $27.32,SAVE up to 25% off List!,4.7 out of 5 stars,[object Object],-256,number of reviews,"Ideal for pencil, charcoal, crayon, pen, light washes, and final drawings, the high-quality, heavyweight (80 lb, 130 gsm), acid-free white paper in Bl...",#NAME?,Choose Options,https://www.dickblick.com/products/blick-studio-drawing-pads/,,,,
https://www.dickblick.com/products/saral-wax-free-transfer-paper/,https://images.ctfassets.net/f1fikihmjtrp/6FxFgw154UvQpbBizMii3P/5517105750b66f639d747d4901f30535/12917-2612-M-4ww.jpg?q=80&w=190&h=190,+ 5 Options,Saral Wax Free Transfer Paper,Item #: 12917,$13.45 ,SAVE 12% off List!,4.5 out of 5 stars,[object Object],-316,number of reviews,Saral Wax Free Transfer Paper is a specialized transfer paper that works like carbon paper to transfer a design from one surface to another. It produc...,#NAME?,Choose Options,https://www.dickblick.com/products/saral-wax-free-transfer-paper/,,,,
https://www.dickblick.com/products/blick-studio-newsprint-pads/,https://images.ctfassets.net/f1fikihmjtrp/65Os8w2OQuOsHY367SXhuF/dbe77b619c80ce039a2ce1081b9ae938/10311-1043-3-3ww-l.jpg?q=80&w=190&h=190,+ 7 Options,Blick Studio Newsprint Pads,Item #: 10311,$4.48 - $25.19,SAVE up to 19% off List!,4.7 out of 5 stars,[object Object],-139,number of reviews,"Blick Studio Newsprint is ideal for practice sketches with pencils, pastels, or charcoal. Available in pads or reams, the pads feature a heavy cardboa...",#NAME?,Choose Options,https://www.dickblick.com/products/blick-studio-newsprint-pads/,,,,
https://www.dickblick.com/products/ampersand-claybord/,https://images.ctfassets.net/f1fikihmjtrp/6XslbaGcnkVUqnB7qqymOP/cc2f2259d458aa0ce73e95796a019e9d/14915-group-1-4ww.jpg?q=80&w=190&h=190,50+ Options,Ampersand Claybord,Item #: 14915,$5.50 - $602.76,SAVE up to 54% off List!,4.8 out of 5 stars,[object Object],-381,number of reviews,"Claybord is a true multimedia panel, ideal for paint, ink, gouache, egg tempera, acrylics, airbrush, collage, photo-transfer, pencil, casein, and for ...",#NAME?,Choose Options,https://www.dickblick.com/products/ampersand-claybord/,,,,
https://www.dickblick.com/products/strathmore-400-series-pastel-paper-pads/,https://images.ctfassets.net/f1fikihmjtrp/14cD9AabjNQtAg1DkHenB9/5ab7a1af27ff631ed5e30ac6d67b41ae/10800-1023-3ww-l.jpg?q=80&w=190&h=190,+ 3 Options,Strathmore 400 Series Pastel Paper Pads,Item #: 10800,$7.50 - $26.00,SAVE 35% off List!,4.5 out of 5 stars,[object Object],-88,number of reviews,"The textured finish and subtle colors make this paper an ideal background for hard, soft, and oil pastels, as well as a wide variety of drawing media....",#NAME?,Choose Options,https://www.dickblick.com/products/strathmore-400-series-pastel-paper-pads/,,,,
https://www.dickblick.com/products/clairefontaine-pastelmat-card/,https://images.ctfassets.net/f1fikihmjtrp/4hk3haFWu0n7M5dgGo9jUu/ffe03e4571b9bdec59ed76bf066e7426/10820-group3ww-l.jpg?q=80&w=190&h=190,+ 42 Options,Clairefontaine Pastelmat Sheets,Item #: 10820,$5.72 - $33.88,SAVE 12-20% off List!,4.8 out of 5 stars,[object Object],-399,number of reviews,"Clairefontaine developed Pastelmat to meet the specific expectations of the most demanding pastel artists. Acid-free and pH neutral, Pastelmat Sheets ...",#NAME?,Choose Options,https://www.dickblick.com/products/clairefontaine-pastelmat-card/,,,,
https://www.dickblick.com/products/canson-universal-sketch-pad/,https://images.ctfassets.net/f1fikihmjtrp/4Q3VcJVPv0Ha1oMPxdV4NZ/31cf2b0941e99334fddfca3f2913bdd4/10322-1003-M-4ww.jpg?q=80&w=190&h=190,+ 5 Options,Canson Universal Sketch Pad,Item #: 10322,$7.57 - $29.61,SAVE 30-63% off List!,4.8 out of 5 stars,[object Object],-147,number of reviews,"This heavy 65 lb (96 gsm) weight, acid-free paper is well suited for pencil, charcoal, pen, and light wash. It's manufactured from French made Crobart...",#NAME?,Choose Options,https://www.dickblick.com/products/canson-universal-sketch-pad/,,,,
https://www.dickblick.com/products/pacon-all-purpose-newsprint-sheets/,,+ 5 Options,Pacon All-Purpose Newsprint Sheets,Item #: 10311,$6.40 - $57.00,SAVE 15-24% off List!,4.8 out of 5 stars,[object Object],-237,number of reviews,"Newsprint is a school favorite for drawing with pencil, charcoal, pastels, crayons, and markers. Pacon All-Purpose Newsprint Sheets are a 30 lb (...",#NAME?,Choose Options,https://www.dickblick.com/products/pacon-all-purpose-newsprint-sheets/,"data:image/svg+xml,%3Csvg xmlns='http://www.w3.org/2000/svg' viewBox='0 0 1 1'%3E%3Cpath%20d%3D%22M0%200h1v1H0%22%20fill%3D%22%23F4F4F4%22%2F%3E%3C%2Fsvg%3E",,,
https://www.dickblick.com/products/blick-studio-bristol-pads/,,+ 8 Options,Blick Studio Bristol Pads,Item #: 13329,$6.62 - $27.54,SAVE up to 21% off List!,4.7 out of 5 stars,[object Object],-138,number of reviews,"Available in two surfaces, Blick Studio Bristol is great for use with a wide variety of media. Choose the vellum surface for use with colored pencils,...",#NAME?,Choose Options,https://www.dickblick.com/products/blick-studio-bristol-pads/,"data:image/svg+xml,%3Csvg xmlns='http://www.w3.org/2000/svg' viewBox='0 0 1 1'%3E%3Cpath%20d%3D%22M0%200h1v1H0%22%20fill%3D%22%23F4F4F4%22%2F%3E%3C%2Fsvg%3E",,,
https://www.dickblick.com/products/blick-wirebound-sketchbook/,,+ 2 Options,Blick Wirebound Sketchbook,Item #: 13815,$10.11 - $12.18,SAVE 59% off List!,4.7 out of 5 stars,[object Object],-52,number of reviews,"Rugged and durable, Blick's Wirebound Sketchbook is ideal as a go-to visual travel journal. The 80 sheets of pure white, 65 lb (98 gsm), sketch-weight...",#NAME?,Choose Options,https://www.dickblick.com/products/blick-wirebound-sketchbook/,"data:image/svg+xml,%3Csvg xmlns='http://www.w3.org/2000/svg' viewBox='0 0 1 1'%3E%3Cpath%20d%3D%22M0%200h1v1H0%22%20fill%3D%22%23F4F4F4%22%2F%3E%3C%2Fsvg%3E",,,
https://www.dickblick.com/products/pacon-art1st-mixed-media-paper/,,+ 3 Options,Pacon Art1st Mixed Media Paper,Item #: 09701,$50.45 - $99.67,SAVE 39-47% off List!,4.5 out of 5 stars,[object Object],-29,number of reviews,"This heavyweight (80 lb), acid-free, sulphite art paper has a natural white color, a medium tooth, and extra sizing to accept all types of media. Use ...",#NAME?,Choose Options,https://www.dickblick.com/products/pacon-art1st-mixed-media-paper/,"data:image/svg+xml,%3Csvg xmlns='http://www.w3.org/2000/svg' viewBox='0 0 1 1'%3E%3Cpath%20d%3D%22M0%200h1v1H0%22%20fill%3D%22%23F4F4F4%22%2F%3E%3C%2Fsvg%3E",,,
,,,,,,,,,,,,,,,,,,
,,,,,,,,,,,,,,,,,,
,,,,,,,,,,,,,,,,,,
,,,,,,,,,,,,,,,,,,
,,,,,,,,,,,,,,,,,,
,,,,,,,,,,,,,,,,,,
,,,,,,,,,,,,,,,,,,
,,,,,,,,,,,,,,,,,,
,,,,,,,,,,,,,,,,,,
,,,,,,,,,,,,,,,,,,
,,,,,,,,,,,,,,,,,,
,,,,,,,,,,,,,,,,,,
,,,,,,,,,,,,,,,,,,
,,,,,,,,,,,,,,,,,,
,,,,,,,,,,,,,,,,,,
,,,,,,,,,,,,,,,,,,
,,,,,,,,,,,,,,,,,,
,,,,,,,,,,,,,,,,,,
,,,,,,,,,,,,,,,,,,
,,,,,,,,,,,,,,,,,,
,,,,,,,,,,,,,,,,,,
,,,,,,,,,,,,,,,,,,
,,,,,,,,,,,,,,,,,,
,,,,,,,,,,,,,,,,,,
,,,,,,,,,,,,,,,,,,
,,,,,,,,,,,,,,,,,,
,,,,,,,,,,,,,,,,,,
,,,,,,,,,,,,,,,,,,
,,,,,,,,,,,,,,,,,,
,,,,,,,,,,,,,,,,,,
,,,,,,,,,,,,,,,,,,
,,,,,,,,,,,,,,,,,,
,,,,,,,,,,,,,,,,,,
,,,,,,,,,,,,,,,,,,
,,,,,,,,,,,,,,,,,,
,,,,,,,,,,,,,,,,,,
,,,,,,,,,,,,,,,,,,
,,,,,,,,,,,,,,,,,,
,,,,,,,,,,,,,,,,,,
,,,,,,,,,,,,,,,,,,
,,,,,,,,,,,,,,,,,,
,,,,,,,,,,,,,,,,,,
,,,,,,,,,,,,,,,,,,
,,,,,,,,,,,,,,,,,,
,,,,,,,,,,,,,,,,,,
,,,,,,,,,,,,,,,,,,
,,,,,,,,,,,,,,,,,,
,,,,,,,,,,,,,,,,,,
,,,,,,,,,,,,,,,,,,
,,,,,,,,,,,,,,,,,,
,,,,,,,,,,,,,,,,,,
,,,,,,,,,,,,,,,,,,
,,,,,,,,,,,,,,,,,,
,,,,,,,,,,,,,,,,,,
,,,,,,,,,,,,,,,,,,
,,,,,,,,,,,,,,,,,,
,,,,,,,,,,,,,,,,,,
,,,,,,,,,,,,,,,,,,
,,,,,,,,,,,,,,,,,,
,,,,,,,,,,,,,,,,,,
,,,,,,,,,,,,,,,,,,
,,,,,,,,,,,,,,,,,,
,,,,,,,,,,,,,,,,,,
,,,,,,,,,,,,,,,,,,
