productsView_link__xrJmL href,z-[-1] src,productsView_totalSkusListView__yiKBR,group-hover,productsView_itemNumber__E_AK5,productsView_priceRange__tnOfl,productsView_savingStory__2gAxy,sr-only,w-4 href,text-xs,sr-only 2,productsView_description__lNG3J,calculateLength__toggle,productsView_options_button__J_wzf,productsView_options_button__J_wzf href,lazyload src 3,svg')],sr-only 3,AddToCartButton_add_to_cart_button__qGnJz
https://www.dickblick.com/products/uni-posca-paint-markers/,https://images.ctfassets.net/f1fikihmjtrp/4ZNzGHLXUxLKtwzt84JdMO/4d261f6d1a6013b6e980689eb5db5917/19994-1109-4-4ww.jpg?q=80&w=190&h=190,100+ Options,Posca Paint Markers and Sets,Item #: 01660,$2.80 - $66.45,SAVE up to 54% off List!,4.8 out of 5 stars,[object Object],-945,number of reviews,"Posca Paint Markers and Sets are the ultimate drawing tool! These water-based paint markers deliver vibrant, opaque colors that adhere beautifully to ...",#NAME?,Choose Options,https://www.dickblick.com/products/uni-posca-paint-markers/,,,,
https://www.dickblick.com/products/copic-sketch-markers/,https://images.ctfassets.net/f1fikihmjtrp/60TFzapCjy4Zm5qHlF8qeE/35f0b26c7576cc655650cd73d142d0f9/21395-group-4ww.jpg?q=80&w=190&h=190,100+ Options,Copic Sketch Markers and Sets,Item #: 22111,$4.39 - $421.20,SAVE 25-48% off List!,4.9 out of 5 stars,[object Object],-1622,number of reviews,"The choice of professionals worldwide, the Copic marker offers outstanding performance in all areas of design and illustration. Two versatile tips pro...",#NAME?,Choose Options,https://www.dickblick.com/products/copic-sketch-markers/,,,,
https://www.dickblick.com/products/sakura-pigma-micron-pen/,https://images.ctfassets.net/f1fikihmjtrp/1vLVtFa7RrY8jtRLhMiMbX/ed05aaaaa27406283b3c667538191ae8/20702-0109-2-4ww.jpg?q=80&w=190&h=190,100+ Options,Sakura Pigma Micron Pens and Sets,Item #: 20702,$2.99 - $139.18,SAVE 14-46% off List!,4.8 out of 5 stars,[object Object],-1479,number of reviews,"An enduring favorite for detailed drawing and writing, the Sakura Pigma Micron contains archival-quality pigment ink that flows smoothly, producing ri...",#NAME?,Choose Options,https://www.dickblick.com/products/sakura-pigma-micron-pen/,,,,
https://www.dickblick.com/products/copic-ink-refills/,https://images.ctfassets.net/f1fikihmjtrp/7msZfnuI7hmcjTM6fcRPY4/41982e088230a3990fa3b7f8e3e5268e/82320-group-1-4ww.jpg?q=80&w=190&h=190,100+ Options,Copic Ink Refills,Item #: 82320,$3.77 - $5.39,SAVE up to 37% off List!,4.8 out of 5 stars,[object Object],-263,number of reviews,Revive your Copic markers with Copic Ink Refills. These alcohol ink refills feature a compact Copic marker design with a long nozzle that makes restor...,#NAME?,Choose Options,https://www.dickblick.com/products/copic-ink-refills/,,,,
https://www.dickblick.com/products/blick-studio-brush-markers/,https://images.ctfassets.net/f1fikihmjtrp/44obIC3JZJJ3Au8lVS8R7M/4fb7a0554ba5d6f2e2d25bbb4cc3ca6c/24532-Group-4-4ww.jpg?q=80&w=190&h=190,100+ Options,Blick Studio Brush Markers and Sets,Item #: 24532,$4.23 - $458.63,SAVE 20-66% off List!,4.7 out of 5 stars,[object Object],-618,number of reviews,Blick Studio Brush Markers are a line of high-quality yet affordable brush markers for artists in all areas of graphic design and illustration. Water-...,#NAME?,Choose Options,https://www.dickblick.com/products/blick-studio-brush-markers/,,,,
https://www.dickblick.com/products/sharpie-fine-point-markers/,https://images.ctfassets.net/f1fikihmjtrp/6UkSM49fC8OFvbZqgixCOo/186a4b9a6b5ad2c5035f6e953ff81fca/21316-1039-M-4ww.jpg?q=80&w=190&h=190,+ 22 Options,Sharpie Fine Point Permanent Markers and Sets,Item #: 21316,$0.74 - $43.23,SAVE up to 59% off List!,4.8 out of 5 stars,[object Object],-249,number of reviews,"Mark almost anything with bright, lasting color! Sharpie Fine Point Permanent Markers have a tough, resilient 0.5 mm tip. The fast-drying, quick-flowi...",#NAME?,Choose Options,https://www.dickblick.com/products/sharpie-fine-point-markers/,,,,
https://www.dickblick.com/products/prismacolor-premier-double-ended-art-markers/,https://images.ctfassets.net/f1fikihmjtrp/5VBZjn8hXv1fhMZfwbAPeC/7956ae3f41e24a9b1d30d00fb3e63544/21342-1059-M-4ww.jpg?q=80&w=190&h=190,+ 15 Options,Prismacolor Premier Dual-Ended Chisel Tip Markers and Sets,Item #: 21342,$2.17 - $179.80,SAVE 36-68% off List!,4.7 out of 5 stars,[object Object],-860,number of reviews,"Designed for detailed work, these double-ended art markers feature an advanced dye-based alcohol ink formulation that ensures rich color saturation, i...",#NAME?,Choose Options,https://www.dickblick.com/products/prismacolor-premier-double-ended-art-markers/,,,,
https://www.dickblick.com/products/tombow-dual-brush-pens/,https://images.ctfassets.net/f1fikihmjtrp/6iXImz6YZpiW17aKtIJA7k/22bfe19a8ff8b320f536c201d9538b04/21334-1279-M-4ww.jpg?q=80&w=190&h=190,100+ Options,Tombow Dual Brush Pens and Sets,Item #: 21334,$2.52 - $222.95,SAVE up to 50% off List!,4.8 out of 5 stars,[object Object],-637,number of reviews,"Tombow Dual Brush Pens have two tips - a flexible brush tip and a fine-point, hard nylon tip. Both tips are fed from the same ink reservoir, ensuring ...",#NAME?,Choose Options,https://www.dickblick.com/products/tombow-dual-brush-pens/,,,,
https://www.dickblick.com/products/copic-ciao-double-ended-markers/,https://images.ctfassets.net/f1fikihmjtrp/5RB0S9GP7ZH37N8C2wHBCw/7ca54332550453f58dd7ff6f5d00d025/22186-group-1-4ww.jpg?q=80&w=190&h=190,100+ Options,Copic Ciao Double Ended Markers and Sets,Item #: 22186,$2.73 - $280.80,SAVE 29-50% off List!,4.9 out of 5 stars,[object Object],-348,number of reviews,Copic Ciao Double Ended Markers are the perfect choice for beginning artists who want to try markers for the first time. The Ciao's solid polypropylen...,#NAME?,Choose Options,https://www.dickblick.com/products/copic-ciao-double-ended-markers/,,,,
https://www.dickblick.com/products/chartpak-ad-markers/,https://images.ctfassets.net/f1fikihmjtrp/67ccIrZzuJWPoqcTD6CRK3/dcb8dd7314fb99cd94f44bade82cf2ff/21303-1019-9-4ww.jpg?q=80&w=190&h=190,100+ Options,Chartpak Ad Markers and Sets,Item #: 21303,$7.09 - $550.27,SAVE 28-65% off List!,4.6 out of 5 stars,[object Object],-239,number of reviews,"These waterproof, permanent solvent-based markers deliver brilliant sparkling color in fine, medium, or broad strokes. Each marker contains a single n...",#NAME?,Choose Options,https://www.dickblick.com/products/chartpak-ad-markers/,,,,
https://www.dickblick.com/products/crayola-broad-line-markers/,https://images.ctfassets.net/f1fikihmjtrp/3isitewSBuwrJx2x6Io6e7/d4d82045cdfe7a1c0e95f9ba905b8927/21218-1209-M-4ww.jpg?q=80&w=190&h=190,+ 15 Options,Crayola Broad Line Markers and Sets,Item #: 21218,$0.57 - $81.50,SAVE up to 56% off List!,4.5 out of 5 stars,[object Object],-41,number of reviews,"Long-lasting and durable, Crayola Broad Line Markers are designed to stand up to the most demanding school use. These markers feature a conical nib th...",#NAME?,Choose Options,https://www.dickblick.com/products/crayola-broad-line-markers/,,,,
https://www.dickblick.com/products/molotow-one4all-acrylic-markers/,https://images.ctfassets.net/f1fikihmjtrp/3RIO3CkrZ8ZAR73DDdLp7Z/2382c79ae18adf926f68f36a801a7129/19910-0139-3-4ww.jpg?q=80&w=190&h=190,100+ Options,Molotow One4All Acrylic Markers and Sets,Item #: 19910,$7.35 - $50.52,SAVE 27-57% off List!,4.6 out of 5 stars,[object Object],-186,number of reviews,"Molotow One4All Acrylic Markers are highly opaque and permanent, with a semi-gloss finish. They’re also quick-drying and non-toxic. The refillable mar...",#NAME?,Choose Options,https://www.dickblick.com/products/molotow-one4all-acrylic-markers/,,,,
https://www.dickblick.com/products/copic-original-markers/,https://images.ctfassets.net/f1fikihmjtrp/6ctsDrm4wDWtdSctz2jgZd/85d6aa8dce32f757a1285105ba504b8c/22110-group-1-4ww.jpg?q=80&w=190&h=190,100+ Options,Copic Classic Markers and Sets,Item #: 22110,$4.10 - $421.20,SAVE up to 48% off List!,4.8 out of 5 stars,[object Object],-211,number of reviews,"There's nothing like the Copic Classic double-ended, alcohol ink marker for expert blending, painting, and tone control. Use them for fine art project...",#NAME?,Choose Options,https://www.dickblick.com/products/copic-original-markers/,,,,
https://www.dickblick.com/products/sharpie-creative-acrylic-markers/,https://images.ctfassets.net/f1fikihmjtrp/m0jxXRqHJguqQroUGPoAJ/309394d1a9b8a2013535668a4618f9a8/87353-1005-3-4ww.jpg?q=80&w=190&h=190,+ 49 Options,Sharpie Creative Acrylic Markers and Sets,Item #: 87353,$2.78 - $39.00,SAVE 20-67% off List!,4.7 out of 5 stars,[object Object],-58,number of reviews,Let creativity flow with Sharpie Creative Acrylic Markers. These waterbased acrylic markers come in either a bullet or brush tip to suit your needs. T...,#NAME?,Choose Options,https://www.dickblick.com/products/sharpie-creative-acrylic-markers/,,,,
https://www.dickblick.com/products/sharpie-ultra-fine-point-marker/,https://images.ctfassets.net/f1fikihmjtrp/5MZUwWOPCJdguf81OsjVmN/1326cd6593e231d5818bd68b62a0e816/21315-1069-M-4ww.jpg?q=80&w=190&h=190,+ 14 Options,Sharpie Ultra-Fine Point Markers and Sets,Item #: 21315,$0.64 - $16.30,SAVE 12-65% off List!,4.7 out of 5 stars,[object Object],-177,number of reviews,Ultra-fine point in a metal sleeve produces an 0.3mm line. Permanently mark almost any surface. Sharpie markers are available individually in a variet...,#NAME?,Choose Options,https://www.dickblick.com/products/sharpie-ultra-fine-point-marker/,,,,
https://www.dickblick.com/products/copic-dual-tip-alcohol-markers-liquidation/,,100+ Options,Copic Dual Tip Alcohol Markers Liquidation,Item #: 66625,$2.73 - $126.36,SAVE 32-51% off List!,,,,,Once in a lifetime closeout prices! Wide variety of brands and products to choose from. Great value.,,Choose Options,https://www.dickblick.com/products/copic-dual-tip-alcohol-markers-liquidation/,"data:image/svg+xml,%3Csvg xmlns='http://www.w3.org/2000/svg' viewBox='0 0 1 1'%3E%3Cpath%20d%3D%22M0%200h1v1H0%22%20fill%3D%22%23F4F4F4%22%2F%3E%3C%2Fsvg%3E",,,
https://www.dickblick.com/products/faber-castell-pitt-artist-brush-pens/,,50+ Options,Faber-Castell Pitt Artist Brush Pens and Sets,Item #: 20759,$3.58 - $143.35,SAVE 19-52% off List!,4.8 out of 5 stars,[object Object],-374,number of reviews,Faber-Castell Pitt Artist Brush Pens offer a range of vibrant pigmented India ink in two distinct brush tips. The standard Brush Pen is slightly firme...,#NAME?,Choose Options,https://www.dickblick.com/products/faber-castell-pitt-artist-brush-pens/,"data:image/svg+xml,%3Csvg xmlns='http://www.w3.org/2000/svg' viewBox='0 0 1 1'%3E%3Cpath%20d%3D%22M0%200h1v1H0%22%20fill%3D%22%23F4F4F4%22%2F%3E%3C%2Fsvg%3E",,,
https://www.dickblick.com/products/decocolor-paint-markers/,,50+ Options,Decocolor Paint Markers and Sets,Item #: 21337,$2.95 - $25.84,SAVE up to 33% off List!,4.6 out of 5 stars,[object Object],-185,number of reviews,"Formulated with pure pigments, these oil-based Decocolor Paint Marker Sets by Marvy Uchida deliver opaque, glossy coverage on a wide range of uncoated...",#NAME?,Choose Options,https://www.dickblick.com/products/decocolor-paint-markers/,"data:image/svg+xml,%3Csvg xmlns='http://www.w3.org/2000/svg' viewBox='0 0 1 1'%3E%3Cpath%20d%3D%22M0%200h1v1H0%22%20fill%3D%22%23F4F4F4%22%2F%3E%3C%2Fsvg%3E",,,
https://www.dickblick.com/products/posca-paint-markers-liquidation/,,+ 45 Options,Posca Paint Markers Liquidation,Item #: 66625,$2.80 - $29.73,SAVE 26-54% off List!,5 out of 5 stars,[object Object],,,Once in a lifetime closeout prices! Wide variety of brands and products to choose from. Great value.,,Choose Options,https://www.dickblick.com/products/posca-paint-markers-liquidation/,"data:image/svg+xml,%3Csvg xmlns='http://www.w3.org/2000/svg' viewBox='0 0 1 1'%3E%3Cpath%20d%3D%22M0%200h1v1H0%22%20fill%3D%22%23F4F4F4%22%2F%3E%3C%2Fsvg%3E",,,
,,,,,,,,,,,,,,,,,,
,,,,,,,,,,,,,,,,,,
,,,,,,,,,,,,,,,,,,
,,,,,,,,,,,,,,,,,,
,,,,,,,,,,,,,,,,,,
,,,,,,,,,,,,,,,,,,
,,,,,,,,,,,,,,,,,,
,,,,,,,,,,,,,,,,,,
,,,,,,,,,,,,,,,,,,
,,,,,,,,,,,,,,,,,,
,,,,,,,,,,,,,,,,,,
,,,,,,,,,,,,,,,,,,
,,,,,,,,,,,,,,,,,,
,,,,,,,,,,,,,,,,,,
,,,,,,,,,,,,,,,,,,
,,,,,,,,,,,,,,,,,,
,,,,,,,,,,,,,,,,,,
,,,,,,,,,,,,,,,,,,
,,,,,,,,,,,,,,,,,,
,,,,,,,,,,,,,,,,,,
,,,,,,,,,,,,,,,,,,
,,,,,,,,,,,,,,,,,,
,,,,,,,,,,,,,,,,,,
,,,,,,,,,,,,,,,,,,
,,,,,,,,,,,,,,,,,,
,,,,,,,,,,,,,,,,,,
,,,,,,,,,,,,,,,,,,
,,,,,,,,,,,,,,,,,,
,,,,,,,,,,,,,,,,,,
,,,,,,,,,,,,,,,,,,
,,,,,,,,,,,,,,,,,,
,,,,,,,,,,,,,,,,,,
,,,,,,,,,,,,,,,,,,
,,,,,,,,,,,,,,,,,,
,,,,,,,,,,,,,,,,,,
,,,,,,,,,,,,,,,,,,
,,,,,,,,,,,,,,,,,,
,,,,,,,,,,,,,,,,,,
,,,,,,,,,,,,,,,,,,
,,,,,,,,,,,,,,,,,,
,,,,,,,,,,,,,,,,,,
,,,,,,,,,,,,,,,,,,
,,,,,,,,,,,,,,,,,,
,,,,,,,,,,,,,,,,,,
,,,,,,,,,,,,,,,,,,
,,,,,,,,,,,,,,,,,,
,,,,,,,,,,,,,,,,,,
,,,,,,,,,,,,,,,,,,
,,,,,,,,,,,,,,,,,,
,,,,,,,,,,,,,,,,,,
,,,,,,,,,,,,,,,,,,
