productsView_link__xrJmL href,z-[-1] src,productsView_totalSkusListView__yiKBR,group-hover,productsView_itemNumber__E_AK5,productsView_priceRange__tnOfl,productsView_savingStory__2gAxy,sr-only,w-4 href,text-xs,sr-only 2,productsView_description__lNG3J,calculateLength__toggle,productsView_options_button__J_wzf,productsView_options_button__J_wzf href,lazyload src,svg')],AddToCartButton_add_to_cart_button__qGnJz
https://www.dickblick.com/products/amaco-potters-choice-glazes/,https://images.ctfassets.net/f1fikihmjtrp/3gJM7owlxw1WW8hGGmLwb3/6b9b569cb76494b931cd25e08f9650f8/30446-art-V-4ww.jpg?q=80&w=190&h=190,50+ Options,Amaco Potter's Choice Glazes,Item #: 30446,$19.16 - $116.80,SAVE 17% or more off List!,4.9 out of 5 stars,[object Object],-985,number of reviews,Amaco Potter's Choice glazes achieve the effects of Cone 10 reduction without the need for a reduction gas kiln or firing to high temperatures. These ...,#NAME?,Choose Options,https://www.dickblick.com/products/amaco-potters-choice-glazes/,,,
https://www.dickblick.com/products/amaco-lead-free-velvet-underglazes/,https://images.ctfassets.net/f1fikihmjtrp/339xITRJ2SIiwOMOQY7caK/62c1fa2b05273997c37577b41a1fd0f4/30411-6006-3-4ww.jpg?q=80&w=190&h=190,100+ Options,Amaco Lead-Free Velvet Underglazes,Item #: 30411,$6.72 - $50.40,SAVE up to 20% off List!,4.8 out of 5 stars,[object Object],-375,number of reviews,Lead-free Amaco Velvets are opaque underglazes which have the appearance of velvet when left unglazed. When glazed with transparent matte glaze they w...,#NAME?,Choose Options,https://www.dickblick.com/products/amaco-lead-free-velvet-underglazes/,,,
https://www.dickblick.com/products/mayco-stoneware-classic-glazes/,https://images.ctfassets.net/f1fikihmjtrp/2GORJcXGaj6rfQUCdx2CFe/46377a92286b9e55783d7dbb77731f01/30588-5396-M-4ww.jpg?q=80&w=190&h=190,50+ Options,Mayco Stoneware Classic Glazes,Item #: 30588,$10.62 - $77.15,SAVE up to 24% off List!,4.8 out of 5 stars,[object Object],-331,number of reviews,"Mayco Stoneware Classic Glazes offer incredible versatility and ease for potters of all levels. Available in a broad range of finishes, textures, and ...",#NAME?,Choose Options,https://www.dickblick.com/products/mayco-stoneware-classic-glazes/,,,
https://www.dickblick.com/products/mayco-stroke-coat-wonderglaze/,https://images.ctfassets.net/f1fikihmjtrp/6t8swyL742OqpFp4MVYDXl/6a41484d6197c48e4c920769efd24304/30433-1003-M-4ww.jpg?q=80&w=190&h=190,50+ Options,Mayco Stroke & Coat Glazes and Sets,Item #: 30408,$16.61 - $198.00,SAVE 12-22% off List!,4.9 out of 5 stars,[object Object],-282,number of reviews,"Mayco Stroke & Coat Glazes is specially formulated for application on bisque, greenware, and even wet clay (see Note below for exceptions). The ready-...",#NAME?,Choose Options,https://www.dickblick.com/products/mayco-stroke-coat-wonderglaze/,,,
https://www.dickblick.com/products/amaco-celadon-high-fire-liquid-glazes/,https://images.ctfassets.net/f1fikihmjtrp/6K5xQXDRVDUxgv7aLrfV5N/cee6f5d1e87bf9b4202f5207243e3d8b/30489-6176-3ww-l.jpg?q=80&w=190&h=190,+ 39 Options,Amaco Celadon High-Fire Liquid Glazes,Item #: 30489,$18.13 - $92.98,SAVE up to 17% off List!,4.9 out of 5 stars,[object Object],-446,number of reviews,"Amaco Celadon Liquid High Fire Glazes are lead-free, glossy, transparent, and pool beautifully to add vivid accents to textured and carved surfaces. T...",#NAME?,Choose Options,https://www.dickblick.com/products/amaco-celadon-high-fire-liquid-glazes/,,,
https://www.dickblick.com/products/mayco-stoneware-crystal-glazes/,https://images.ctfassets.net/f1fikihmjtrp/5Vbtm3J12ZCYIrqhqSYR32/892e52736dbe1c578d7b35a8d7f7fc61/30587-1306-M-4ww.jpg?q=80&w=190&h=190,+ 24 Options,Mayco Stoneware Crystal Glazes,Item #: 30587,$12.16 - $13.52,SAVE 20% off List!,4.8 out of 5 stars,[object Object],-264,number of reviews,Mayco Stoneware Crystal Glazes offer potters of all skill levels a unique way to create vibrant effects in their stoneware. These easy-to-use glazes c...,#NAME?,Choose Options,https://www.dickblick.com/products/mayco-stoneware-crystal-glazes/,,,
https://www.dickblick.com/products/blick-essentials-gloss-glaze/,https://images.ctfassets.net/f1fikihmjtrp/1R9YWmfmh2ORgqcKOymgIr/c1d6a808918aca57ae3f312ada854797/30482-1009-M-4ww.jpg?q=80&w=190&h=190,+ 48 Options,Blick Essentials Gloss Glazes and Sets,Item #: 30482,$14.09 - $122.99,SAVE up to 20% off List!,4.7 out of 5 stars,[object Object],-217,number of reviews,"Bright, true colors that intermix for an infinite palette. Smooth, self-leveling application and consistent firing results, fire after fire. Food safe...",#NAME?,Choose Options,https://www.dickblick.com/products/blick-essentials-gloss-glaze/,,,
https://www.dickblick.com/products/mayco-lead-free-jungle-gems-crystal-glazes/,https://images.ctfassets.net/f1fikihmjtrp/6b2DaXOpnp5MGLijMxfTJO/ebaba82fdc25a981da7a3830d020fc0d/30400-0029-4-4ww.jpg?q=80&w=190&h=190,50+ Options,Mayco Lead-Free Jungle Gems Crystal Glazes and Sets,Item #: 30400,$17.73 - $105.15,SAVE 12-21% off List!,4.8 out of 5 stars,[object Object],-181,number of reviews,"Mayco Lead-Free Jungle Gems Crystal Glazes contain small pieces of glass frit that transform into splashes of color and patterns when fired, demonstra...",#NAME?,Choose Options,https://www.dickblick.com/products/mayco-lead-free-jungle-gems-crystal-glazes/,,,
https://www.dickblick.com/products/spectrum-floating-glazes/,https://images.ctfassets.net/f1fikihmjtrp/5RSS3OaWTk7Wubw2f3Xv9f/7e03aed9feaff21c943edf800ef330d9/30599-6416-M-4ww.jpg?q=80&w=190&h=190,+ 24 Options,Spectrum Floating Glazes,Item #: 30599,$13.18 - $16.07,SAVE 17% off List!,4.8 out of 5 stars,[object Object],-142,number of reviews,"Spectrum Floating Glazes are reactive mid-fire glazes that create glossy, multi-tone, multi-color decorative effects on pottery pieces. When fired, th...",#NAME?,Choose Options,https://www.dickblick.com/products/spectrum-floating-glazes/,,,
https://www.dickblick.com/products/speedball-ceramic-underglazes/,https://images.ctfassets.net/f1fikihmjtrp/5se9v7IfsiLYUdtio8xudT/47b58b17b94c3061f67c7eab3bc3e5c5/30457-1129-M-4ww.jpg?q=80&w=190&h=190,100+ Options,Speedball Ceramic Underglazes and Sets,Item #: 30457,$6.61 - $214.99,SAVE up to 37% off List!,4.5 out of 5 stars,[object Object],-182,number of reviews,"Speedball Ceramic Underglazes feature bright and intense colors that are highly saturated for spectacular results. The liquid, opaque colors will not ...",#NAME?,Choose Options,https://www.dickblick.com/products/speedball-ceramic-underglazes/,,,
https://www.dickblick.com/products/mayco-fundamentals-underglazes/,,50+ Options,Mayco Fundamentals Underglazes and Sets,Item #: 30569,$16.03 - $180.25,SAVE 15% or more off List!,4.8 out of 5 stars,[object Object],-80,number of reviews,"Mayco Fundamentals Underglazes are consistent, versatile, and intermixable. Apply to wet clay, greenware, or Cone 04 bisque with a brush or sponge. Ce...",#NAME?,Choose Options,https://www.dickblick.com/products/mayco-fundamentals-underglazes/,"data:image/svg+xml,%3Csvg xmlns='http://www.w3.org/2000/svg' viewBox='0 0 1 1'%3E%3Cpath%20d%3D%22M0%200h1v1H0%22%20fill%3D%22%23F4F4F4%22%2F%3E%3C%2Fsvg%3E",,
https://www.dickblick.com/products/mayco-stoneware-matte-glazes/,,+ 28 Options,Mayco Stoneware Matte Glazes,Item #: 83401,$10.54 - $88.63,SAVE 13-22% off List!,4.7 out of 5 stars,[object Object],-101,number of reviews,"Mayco Stoneware Classic Glazes offer a consistent, user-friendly experience, from application and layering to the firing process. Ideal for creating u...",#NAME?,Choose Options,https://www.dickblick.com/products/mayco-stoneware-matte-glazes/,"data:image/svg+xml,%3Csvg xmlns='http://www.w3.org/2000/svg' viewBox='0 0 1 1'%3E%3Cpath%20d%3D%22M0%200h1v1H0%22%20fill%3D%22%23F4F4F4%22%2F%3E%3C%2Fsvg%3E",,
https://www.dickblick.com/products/mayco-elements-glazes/,,+ 42 Options,Mayco Elements Glazes,Item #: 30443,$13.13 - $13.52,SAVE 20-30% off List!,4.8 out of 5 stars,[object Object],-82,number of reviews,"Mayco Elements Glazes were designed to simulate the aesthetic, movement, and interest of mid-range and high fire glazes in a cone 06/05 oxidation kiln...",#NAME?,Choose Options,https://www.dickblick.com/products/mayco-elements-glazes/,"data:image/svg+xml,%3Csvg xmlns='http://www.w3.org/2000/svg' viewBox='0 0 1 1'%3E%3Cpath%20d%3D%22M0%200h1v1H0%22%20fill%3D%22%23F4F4F4%22%2F%3E%3C%2Fsvg%3E",,
https://www.dickblick.com/products/spectrum-stoneware-glazes/,,+ 42 Options,Spectrum Stoneware Glazes,Item #: 30597,$10.67 - $17.04,SAVE up to 11% off List!,4.6 out of 5 stars,[object Object],-106,number of reviews,"Spectrum Stoneware Glazes come in a wide range of colors and finishes, including reactive, multi-tone colors, and both glossy and matte finishes. Thes...",#NAME?,Choose Options,https://www.dickblick.com/products/spectrum-stoneware-glazes/,"data:image/svg+xml,%3Csvg xmlns='http://www.w3.org/2000/svg' viewBox='0 0 1 1'%3E%3Cpath%20d%3D%22M0%200h1v1H0%22%20fill%3D%22%23F4F4F4%22%2F%3E%3C%2Fsvg%3E",,
https://www.dickblick.com/products/amaco-potters-choice-flux-glazes/,https://images.ctfassets.net/f1fikihmjtrp/6ZNJmex81aWM0Llx3bYqAc/7be5275cbaa351575b782045981fb8e7/30446-2056-2-4ww.jpg?q=80&w=190&h=190,+ 12 Options,Amaco Potter's Choice Flux Glazes,Item #: 30446,$18.13 ,SAVE 17% off List!,4.9 out of 5 stars,[object Object],-65,number of reviews,"Get endless creative options with Amaco Potter’s Choice Flux Glazes. These fluid, food-safe glazes can be used alone or in combination with other glaz...",#NAME?,Choose Options,https://www.dickblick.com/products/amaco-potters-choice-flux-glazes/,,,
https://www.dickblick.com/products/amaco-lead-free-lg-series-gloss-glazes/,,+ 37 Options,Amaco Lead-Free LG Series Gloss Glazes,Item #: 30413,$18.54 - $96.80,SAVE up to 20% off List!,4.8 out of 5 stars,[object Object],-80,number of reviews,"Amaco Liquid Gloss Glazes feature popular brilliant colors and fire to a smooth, glossy finish at a witness Cone 05. Ideal for enhancing texture, thes...",#NAME?,Choose Options,https://www.dickblick.com/products/amaco-lead-free-lg-series-gloss-glazes/,"data:image/svg+xml,%3Csvg xmlns='http://www.w3.org/2000/svg' viewBox='0 0 1 1'%3E%3Cpath%20d%3D%22M0%200h1v1H0%22%20fill%3D%22%23F4F4F4%22%2F%3E%3C%2Fsvg%3E",,
https://www.dickblick.com/products/amaco-satin-matte-lead-free-glazes/,,+ 20 Options,Amaco Satin Matte Lead-Free Glazes,Item #: 30494,$18.13 - $99.00,SAVE up to 25% off List!,4.9 out of 5 stars,[object Object],-77,number of reviews,"Amaco Satin Matte Glazes offer a palette of opaque colors that break slightly over edges and texture, with a soft satin feel. Sprayable. Dinnerware sa...",#NAME?,Choose Options,https://www.dickblick.com/products/amaco-satin-matte-lead-free-glazes/,"data:image/svg+xml,%3Csvg xmlns='http://www.w3.org/2000/svg' viewBox='0 0 1 1'%3E%3Cpath%20d%3D%22M0%200h1v1H0%22%20fill%3D%22%23F4F4F4%22%2F%3E%3C%2Fsvg%3E",,
https://www.dickblick.com/products/amaco-high-fire-glazes/,,+ 17 Options,Amaco High Fire Glazes,Item #: 30440,$20.90 - $36.20,SAVE up to 15% off List!,4.9 out of 5 stars,[object Object],-67,number of reviews,The Amaco High Fire Glaze series combines the customer favorite Amaco Sahara High Fire Glaze and Amaco Celebration Lead-Free High Fire glaze lines int...,#NAME?,Choose Options,https://www.dickblick.com/products/amaco-high-fire-glazes/,"data:image/svg+xml,%3Csvg xmlns='http://www.w3.org/2000/svg' viewBox='0 0 1 1'%3E%3Cpath%20d%3D%22M0%200h1v1H0%22%20fill%3D%22%23F4F4F4%22%2F%3E%3C%2Fsvg%3E",,
https://www.dickblick.com/products/mayco-speckled-stroke-coat-glazes/,,+ 24 Options,Mayco Speckled Stroke & Coat Glazes,Item #: 30408,$18.34 - $214.98,SAVE 14-22% off List!,5 out of 5 stars,[object Object],-29,number of reviews,Mayco's Speckled Stroke & Coat Glazes are an enhanced version of the popular Stroke & Coat Glazes. The addition of small specks of color to the base g...,#NAME?,Choose Options,https://www.dickblick.com/products/mayco-speckled-stroke-coat-glazes/,"data:image/svg+xml,%3Csvg xmlns='http://www.w3.org/2000/svg' viewBox='0 0 1 1'%3E%3Cpath%20d%3D%22M0%200h1v1H0%22%20fill%3D%22%23F4F4F4%22%2F%3E%3C%2Fsvg%3E",,
https://www.dickblick.com/products/amaco-teachers-palette-glazes/,,+ 24 Options,Amaco Teacher's Palette Glazes,Item #: 30476,$17.30 ,SAVE 17-25% off List!,4.7 out of 5 stars,[object Object],-43,number of reviews,"Amaco Teacher’s Palette Glazes are one-step, lead-free gloss decorating glazes. In addition to exceptional value, they bring a palette of bold, vibran...",#NAME?,Choose Options,https://www.dickblick.com/products/amaco-teachers-palette-glazes/,"data:image/svg+xml,%3Csvg xmlns='http://www.w3.org/2000/svg' viewBox='0 0 1 1'%3E%3Cpath%20d%3D%22M0%200h1v1H0%22%20fill%3D%22%23F4F4F4%22%2F%3E%3C%2Fsvg%3E",,
,,,,,,,,,,,,,,,,,
,,,,,,,,,,,,,,,,,
,,,,,,,,,,,,,,,,,
,,,,,,,,,,,,,,,,,
,,,,,,,,,,,,,,,,,
,,,,,,,,,,,,,,,,,
,,,,,,,,,,,,,,,,,
,,,,,,,,,,,,,,,,,
,,,,,,,,,,,,,,,,,
,,,,,,,,,,,,,,,,,
,,,,,,,,,,,,,,,,,
,,,,,,,,,,,,,,,,,
,,,,,,,,,,,,,,,,,
,,,,,,,,,,,,,,,,,
,,,,,,,,,,,,,,,,,
,,,,,,,,,,,,,,,,,
,,,,,,,,,,,,,,,,,
,,,,,,,,,,,,,,,,,
,,,,,,,,,,,,,,,,,
,,,,,,,,,,,,,,,,,
,,,,,,,,,,,,,,,,,
,,,,,,,,,,,,,,,,,
,,,,,,,,,,,,,,,,,
,,,,,,,,,,,,,,,,,
,,,,,,,,,,,,,,,,,
,,,,,,,,,,,,,,,,,
,,,,,,,,,,,,,,,,,
,,,,,,,,,,,,,,,,,
,,,,,,,,,,,,,,,,,
,,,,,,,,,,,,,,,,,
,,,,,,,,,,,,,,,,,
,,,,,,,,,,,,,,,,,
,,,,,,,,,,,,,,,,,
,,,,,,,,,,,,,,,,,
,,,,,,,,,,,,,,,,,
,,,,,,,,,,,,,,,,,
,,,,,,,,,,,,,,,,,
,,,,,,,,,,,,,,,,,
,,,,,,,,,,,,,,,,,
,,,,,,,,,,,,,,,,,
,,,,,,,,,,,,,,,,,
,,,,,,,,,,,,,,,,,
,,,,,,,,,,,,,,,,,
,,,,,,,,,,,,,,,,,
,,,,,,,,,,,,,,,,,
,,,,,,,,,,,,,,,,,
,,,,,,,,,,,,,,,,,
,,,,,,,,,,,,,,,,,
,,,,,,,,,,,,,,,,,
,,,,,,,,,,,,,,,,,
,,,,,,,,,,,,,,,,,
,,,,,,,,,,,,,,,,,
,,,,,,,,,,,,,,,,,
,,,,,,,,,,,,,,,,,
,,,,,,,,,,,,,,,,,
,,,,,,,,,,,,,,,,,
,,,,,,,,,,,,,,,,,
,,,,,,,,,,,,,,,,,
,,,,,,,,,,,,,,,,,
,,,,,,,,,,,,,,,,,
