productsView_link__xrJmL href,z-[-1] src,group-hover,productsView_itemNumber__E_AK5,productsView_priceRange__tnOfl,productsView_savingStory__2gAxy,sr-only,text-xs,sr-only 2,svg')],lazyload src
https://www.dickblick.com/items/blick-bellevue-frame-black-18-x-24/,https://images.ctfassets.net/f1fikihmjtrp/2J7VCz0pdKMfWZ6Gq0eW3V/fdcd9ecdcebd2f3eb64fa1be4a350164/17707-2029-M-4ww.jpg?q=80&w=190&h=190,"Blick Bellevue Frame - Black, 18"" x 24""",Item #: 17707-2029,$20.99 ,SAVE up to 30% off List!,4.4 out of 5 stars,-81,number of reviews,In stock online,
https://www.dickblick.com/items/blick-wood-gallery-frame-black-16-x-20/,https://images.ctfassets.net/f1fikihmjtrp/5Sz05ho8mcl7ZWd3RRIuis/c6816ce6affb238314f856e6a76f2588/18862-2008-1.jpg?q=80&w=190&h=190,"Blick Wood Gallery Frame - Black, 16"" x 20""",Item #: 18862-2008,$57.57 ,SAVE up to 12% off List!,4.3 out of 5 stars,-1032,number of reviews,In stock online,
https://www.dickblick.com/items/blick-bellevue-frame-black-11-x-14/,https://images.ctfassets.net/f1fikihmjtrp/7FkidQB7bZKqvKcqDyDgw3/6f77af7b2897749ded20459f01c9576c/17707-2025-M-4ww.jpg?q=80&w=190&h=190,"Blick Bellevue Frame - Black, 11"" x 14""",Item #: 17707-2025,$10.49 ,SAVE up to 30% off List!,4.4 out of 5 stars,-81,number of reviews,In stock online,
https://www.dickblick.com/items/blick-bellevue-frame-black-24-x-36/,https://images.ctfassets.net/f1fikihmjtrp/1vL3dYCZynK80XxkLfOdMS/788855edba2cf04b8b3a175dbdaffd1a/17707-2027-M-4ww.jpg?q=80&w=190&h=190,"Blick Bellevue Frame - Black, 24"" x 36""",Item #: 17707-2027,$24.99 ,SAVE up to 37% off List!,4.4 out of 5 stars,-81,number of reviews,In stock online,
https://www.dickblick.com/items/ampersand-floater-frame-thin-maple-8-x-10-78/,https://images.ctfassets.net/f1fikihmjtrp/ZkSNUoHVF8iOgyvirPeOE/a63cf6e03b0bf7ff8b3290fe01dca77b/17563-8904-M-4ww.jpg?q=80&w=190&h=190,"Ampersand Floaterframe - Thin, Maple, 8"" x 10"", 7/8""",Item #: 17563-8912,$37.10 ,SAVE up to 29% off List!,4.7 out of 5 stars,-639,number of reviews,In stock online,
https://www.dickblick.com/items/blick-bellevue-frame-black-16-x-20/,https://images.ctfassets.net/f1fikihmjtrp/7nIu1ykkGYh3pshnIxR8d1/805c9eef662a0e3286e8be9c88d063eb/17707-2028-M-4ww.jpg?q=80&w=190&h=190,"Blick Bellevue Frame - Black, 16"" x 20""",Item #: 17707-2028,$15.44 ,SAVE up to 22% off List!,4.4 out of 5 stars,-81,number of reviews,In stock online,
https://www.dickblick.com/items/blick-wood-gallery-frame-natural-16-x-20-/,https://images.ctfassets.net/f1fikihmjtrp/7jFps3eymiVmdMyq9I8AdK/4a8b0d93ab77d02f8e66eae00cb6a7a0/18862-1908-2-4ww.jpg?q=80&w=190&h=190,"Blick Wood Gallery Frame - Natural, 16"" x 20""",Item #: 18862-1908,$57.57 ,SAVE up to 12% off List!,4.3 out of 5 stars,-1032,number of reviews,In stock online,
https://www.dickblick.com/items/blick-wood-gallery-frame-black-18-x-24/,https://images.ctfassets.net/f1fikihmjtrp/2SrDj0N1JOnGIKTkg5jMTw/d6040b29a2c3d507f5231db018cfc2a9/18862-2009-1-4ww.jpg?q=80&w=190&h=190,"Blick Wood Gallery Frame - Black, 18"" x 24""",Item #: 18862-2009,$67.58 ,SAVE up to 15% off List!,4.3 out of 5 stars,-1032,number of reviews,In stock online,
https://www.dickblick.com/items/blick-simplon-frame-8-x-10-x-12-gold-leaf/,https://images.ctfassets.net/f1fikihmjtrp/5gMRYQGzQYdC9frs7QR5jJ/f080f0ee0070d85bb6f96dc6a087e0ad/18846-5012-M-4ww.jpg?q=80&w=190&h=190,"Blick Simplon Frame, 3-1/4”-8” x 10” x 1/2”, Gold Leaf",Item #: 18846-5012,$43.15 ,SAVE up to 33% off List!,4.4 out of 5 stars,-1326,number of reviews,In stock online,
https://www.dickblick.com/items/blick-wood-gallery-frame-natural-18-x-24-/,https://images.ctfassets.net/f1fikihmjtrp/1S97Ypha6aOxggGl1is7CJ/f9837b2b6159eefe4650c9f6d8b5b041/18862-1909-1-4ww.jpg?q=80&w=190&h=190,"Blick Wood Gallery Frame - Natural, 18"" x 24""",Item #: 18862-1909,$67.58 ,SAVE up to 15% off List!,4.3 out of 5 stars,-1032,number of reviews,In stock online,
https://www.dickblick.com/items/blick-wood-gallery-frame-natural-11-x-14/,https://images.ctfassets.net/f1fikihmjtrp/1VpJUaoaotNQYBWtwbaefv/3c9d28e130ed7ef62acacab3127943c7/18862-1905-2-4ww.jpg?q=80&w=190&h=190,"Blick Wood Gallery Frame - Natural, 11"" x 14""",Item #: 18862-1905,$45.57 ,,4.3 out of 5 stars,-1032,number of reviews,In stock online,
https://www.dickblick.com/items/blick-wood-gallery-frame-black-11-x-14/,https://images.ctfassets.net/f1fikihmjtrp/1s9HUmAOmxEFdWNRK5P2Tb/9e5551448cb030da40dcf78e6166e0eb/18862-2005-2-4ww.jpg?q=80&w=190&h=190,"Blick Wood Gallery Frame - Black, 11"" x 14""",Item #: 18862-2005,$45.57 ,,4.3 out of 5 stars,-1032,number of reviews,In stock online,
https://www.dickblick.com/items/blick-simplon-frame-11-x-14-x-12-gold-leaf/,https://images.ctfassets.net/f1fikihmjtrp/5N8woEzIuSbusAmS36ONxl/b2cf78aa83dc26b84c91a751c18334d3/18846-5005-M-4ww.jpg?q=80&w=190&h=190,"Blick Simplon Frame, 3-1/4”-11” x 14” x 1/2”, Gold Leaf",Item #: 18846-5005,$48.37 ,SAVE up to 39% off List!,4.4 out of 5 stars,-1326,number of reviews,In stock online,
https://www.dickblick.com/items/blick-wood-gallery-frame-natural-12-x-12-/,https://images.ctfassets.net/f1fikihmjtrp/3ciTMJm0oFLakdwnJ1j1uC/21247699d0874e30e2ca5c5928ad0661/18862-1904-2-4ww.jpg?q=80&w=190&h=190,"Blick Wood Gallery Frame - Natural, 12"" x 12""",Item #: 18862-1904,$45.57 ,,4.3 out of 5 stars,-1032,number of reviews,In stock online,
,,,,,,,,,,
,,,,,,,,,,
,,,,,,,,,,
,,,,,,,,,,
,,,,,,,,,,
,,,,,,,,,,
,,,,,,,,,,
,,,,,,,,,,
,,,,,,,,,,
,,,,,,,,,,
,,,,,,,,,,
,,,,,,,,,,
,,,,,,,,,,
,,,,,,,,,,
,,,,,,,,,,
,,,,,,,,,,
,,,,,,,,,,
,,,,,,,,,,
,,,,,,,,,,
,,,,,,,,,,
,,,,,,,,,,
,,,,,,,,,,
,,,,,,,,,,
,,,,,,,,,,
,,,,,,,,,,
,,,,,,,,,,
,,,,,,,,,,
,,,,,,,,,,
,,,,,,,,,,
,,,,,,,,,,
,,,,,,,,,,
,,,,,,,,,,
,,,,,,,,,,
,,,,,,,,,,
,,,,,,,,,,
,,,,,,,,,,
,,,,,,,,,,
,,,,,,,,,,
,,,,,,,,,,
,,,,,,,,,,
,,,,,,,,,,
,,,,,,,,,,
,,,,,,,,,,
,,,,,,,,,,
,,,,,,,,,,
,,,,,,,,,,
,,,,,,,,,,
,,,,,,,,,,
,,,,,,,,,,
,,,,,,,,,,
,,,,,,,,,,
,,,,,,,,,,
,,,,,,,,,,
,,,,,,,,,,
,,,,,,,,,,
,,,,,,,,,,
,,,,,,,,,,
,,,,,,,,,,
,,,,,,,,,,
,,,,,,,,,,
,,,,,,,,,,
,,,,,,,,,,
,,,,,,,,,,
